{
"Experience": {
"NombreEssais": 4,
"NombreAllerRetour": 10,
"ListeDistance": [500, 1000, 1500, 2000],
"Dictionnaire": {
"clement": [5.362858, 10.17194, 11.59666, 13.05453],
"Guillaume": [5.152229, 10.37084, 10.68551, 14.13152],
"Theo": [6.775772, 10.65237, 17.95827, 17.01401],
"Nicolas": [6.924744, 14.08167, 15.55609, 17.37845],
"Dylan": [8.995697, 10.30447, 13.18707, 15.15851],
"Robin": [5.367584, 13.53491, 11.24951, 11.82861],
"Stephane": [5.28476, 10.30447, 12.14337, 14.21436],
"Bastien": [4.986572, 9.343689, 11.565, 12.83966]
}
}
}